[
  {
    "value": "в пятницу",
    "synonyms": [
      "в пятницу",
      "в эту пятницу",
      "в следующую пятницу"
    ]
  },
  {
    "value": "в четверг",
    "synonyms": [
      "в четверг",
      "в этот четверг",
      "в следующтий четверг"
    ]
  },
  {
    "value": "в понедельник",
    "synonyms": [
      "в понедельник",
      "в этот понедельник",
      "в следующий понедельник"
    ]
  },
  {
    "value": "в среду",
    "synonyms": [
      "в среду",
      "в эту среду",
      "в следующую среду"
    ]
  },
  {
    "value": "во вторник",
    "synonyms": [
      "во вторник",
      "в этот вторник",
      "в следующий вторник"
    ]
  },
  {
    "value": "в субботу",
    "synonyms": [
      "в субботу",
      "в эту субботу",
      "в следующую субботу"
    ]
  },
  {
    "value": "в воскресенье",
    "synonyms": [
      "в воскресенье",
      "в это воскресенье"
    ]
  }
]