[
  {
    "value": "Кино",
    "synonyms": [
      "Кино",
      "Просмотр фильма"
    ]
  },
  {
    "value": "Матч",
    "synonyms": [
      "Матч",
      "Футбольный матч",
      "Футбол"
    ]
  },
  {
    "value": "Бар",
    "synonyms": [
      "Бар",
      "Попить пиво",
      "пиво"
    ]
  },
  {
    "value": "Поход",
    "synonyms": [
      "Поход",
      "Горы",
      "Природа"
    ]
  },
  {
    "value": "Море",
    "synonyms": [
      "Море",
      "поездка на море",
      "на побережье моря",
      "морское побережье"
    ]
  },
  {
    "value": "Хоккей",
    "synonyms": [
      "Хоккей",
      "хоккейный матч"
    ]
  },
  {
    "value": "Коньки",
    "synonyms": [
      "Коньки",
      "катание на коньках",
      "на коньках"
    ]
  },
  {
    "value": "Компы",
    "synonyms": [
      "Компы",
      "поход в компьютерный клуб",
      "На компы",
      "в компах",
      "зависать в компах"
    ]
  },
  {
    "value": "Лыжи",
    "synonyms": [
      "Лыжи",
      "катание на лыжах"
    ]
  },
  {
    "value": "Горнолыжка",
    "synonyms": [
      "Горнолыжка",
      "на горнолыжном курорте",
      "горнолыжный курорт"
    ]
  }
]