[
  {
    "value": "Друзья",
    "synonyms": [
      "Друзья",
      "Друг",
      "Кореш",
      "Приятели"
    ]
  },
  {
    "value": "Коллега",
    "synonyms": [
      "Коллега",
      "Партнер"
    ]
  },
  {
    "value": "Семья",
    "synonyms": [
      "Семья",
      "родные",
      "близкие",
      "родственники",
      "братья",
      "сестры",
      "мама",
      "папа",
      "бабушка",
      "дедушка",
      "тетя",
      "дядя"
    ]
  }
]