[
  {
    "id": "69d11276-ebfd-4951-aca0-4f7962f0eb99",
    "data": [
      {
        "text": "в кино",
        "meta": "@Event",
        "alias": "event",
        "userDefined": false
      }
    ],
    "isTemplate": false,
    "count": 0,
    "lang": "ru",
    "updated": 0
  },
  {
    "id": "7adff03c-7252-4929-9b78-ce5f7303139f",
    "data": [
      {
        "text": "поход ",
        "userDefined": false
      },
      {
        "text": "в бар",
        "meta": "@Event",
        "alias": "event",
        "userDefined": true
      }
    ],
    "isTemplate": false,
    "count": 0,
    "lang": "ru",
    "updated": 0
  },
  {
    "id": "0adfdc32-94b1-4a30-b765-8c4b2ea40d56",
    "data": [
      {
        "text": "поход",
        "userDefined": false
      },
      {
        "text": " ",
        "userDefined": false
      },
      {
        "text": "в горы",
        "meta": "@Event",
        "alias": "event",
        "userDefined": true
      }
    ],
    "isTemplate": false,
    "count": 0,
    "lang": "ru",
    "updated": 0
  },
  {
    "id": "67317e88-c4fa-41eb-bba8-e9006a610bcd",
    "data": [
      {
        "text": "поход ",
        "userDefined": false
      },
      {
        "text": "в кино",
        "meta": "@Event",
        "alias": "event",
        "userDefined": true
      }
    ],
    "isTemplate": false,
    "count": 0,
    "lang": "ru",
    "updated": 0
  }
]