[
  {
    "id": "0dfe4272-f6f6-449c-a188-2ec330c7ec25",
    "data": [
      {
        "text": "С ",
        "userDefined": false
      },
      {
        "text": "родными",
        "meta": "@Person",
        "alias": "person",
        "userDefined": false
      }
    ],
    "isTemplate": false,
    "count": 0,
    "lang": "ru",
    "updated": 0
  },
  {
    "id": "12340f5c-a208-4385-9cd6-0325bfbf9350",
    "data": [
      {
        "text": "С ",
        "userDefined": false
      },
      {
        "text": "корешами",
        "meta": "@Person",
        "alias": "person",
        "userDefined": false
      }
    ],
    "isTemplate": false,
    "count": 0,
    "lang": "ru",
    "updated": 0
  },
  {
    "id": "54f9d7d0-6c60-4dde-811e-cebb0cc6fed8",
    "data": [
      {
        "text": "С коллегами",
        "meta": "@Person",
        "alias": "person",
        "userDefined": false
      }
    ],
    "isTemplate": false,
    "count": 0,
    "lang": "ru",
    "updated": 0
  },
  {
    "id": "4155e967-93ef-4674-99af-e1e5e2de91cb",
    "data": [
      {
        "text": "С ",
        "userDefined": false
      },
      {
        "text": "семьей",
        "meta": "@Person",
        "alias": "person",
        "userDefined": false
      }
    ],
    "isTemplate": false,
    "count": 0,
    "lang": "ru",
    "updated": 0
  },
  {
    "id": "5e46966b-404c-47de-82f9-e37e5dfdef60",
    "data": [
      {
        "text": "С ",
        "userDefined": false
      },
      {
        "text": "друзьями",
        "meta": "@Person",
        "alias": "person",
        "userDefined": true
      }
    ],
    "isTemplate": false,
    "count": 0,
    "lang": "ru",
    "updated": 0
  }
]