[
  {
    "id": "8f6e87ed-6ca6-4219-bcc0-c2b858fdcde0",
    "data": [
      {
        "text": "Утром",
        "meta": "@Time",
        "alias": "time",
        "userDefined": false
      }
    ],
    "isTemplate": false,
    "count": 0,
    "lang": "ru",
    "updated": 0
  },
  {
    "id": "ea03ee82-95dd-422d-a8dc-3cc52aabb261",
    "data": [
      {
        "text": "После обеда",
        "meta": "@Time",
        "alias": "time",
        "userDefined": false
      }
    ],
    "isTemplate": false,
    "count": 0,
    "lang": "ru",
    "updated": 0
  },
  {
    "id": "47448261-3fb6-41f3-bbf9-df4c254e2161",
    "data": [
      {
        "text": "Днем",
        "meta": "@Time",
        "alias": "time",
        "userDefined": false
      }
    ],
    "isTemplate": false,
    "count": 0,
    "lang": "ru",
    "updated": 0
  },
  {
    "id": "8752bce5-fd36-4c5c-896c-e42a11b7ccdc",
    "data": [
      {
        "text": "Вечером",
        "meta": "@Time",
        "alias": "time",
        "userDefined": false
      }
    ],
    "isTemplate": false,
    "count": 0,
    "lang": "ru",
    "updated": 0
  },
  {
    "id": "15ebe90c-7b07-4b24-8cba-56652ffe42a2",
    "data": [
      {
        "text": "С ",
        "userDefined": false
      },
      {
        "text": "обеда",
        "meta": "@Time",
        "alias": "time",
        "userDefined": false
      }
    ],
    "isTemplate": false,
    "count": 0,
    "lang": "ru",
    "updated": 0
  }
]