[
  {
    "id": "c9d1330f-4598-4cae-8e62-f6109f691008",
    "data": [
      {
        "text": "В воскресенье",
        "meta": "@Day_of_week",
        "alias": "Day_of_week",
        "userDefined": false
      }
    ],
    "isTemplate": false,
    "count": 0,
    "lang": "ru",
    "updated": 0
  },
  {
    "id": "fa5a1b2f-3763-40a6-b4c9-118510a2ae40",
    "data": [
      {
        "text": "В среду",
        "meta": "@Day_of_week",
        "alias": "Day_of_week",
        "userDefined": false
      }
    ],
    "isTemplate": false,
    "count": 0,
    "lang": "ru",
    "updated": 0
  },
  {
    "id": "1e7bdabd-dc25-4179-b279-691c133cfef6",
    "data": [
      {
        "text": "Во вторник",
        "meta": "@Day_of_week",
        "alias": "Day_of_week",
        "userDefined": false
      }
    ],
    "isTemplate": false,
    "count": 0,
    "lang": "ru",
    "updated": 0
  },
  {
    "id": "31252a5c-3255-486a-87e0-c36119621f49",
    "data": [
      {
        "text": "В понедельник",
        "meta": "@Day_of_week",
        "alias": "Day_of_week",
        "userDefined": true
      }
    ],
    "isTemplate": false,
    "count": 0,
    "lang": "ru",
    "updated": 0
  },
  {
    "id": "5e9aa0b2-03da-4a0f-a1f4-63f6edc3f7d8",
    "data": [
      {
        "text": "В субботу",
        "meta": "@Day_of_week",
        "alias": "Day_of_week",
        "userDefined": true
      }
    ],
    "isTemplate": false,
    "count": 1,
    "lang": "ru",
    "updated": 0
  },
  {
    "id": "4d8383f5-334b-4365-8a0c-af260cf798b0",
    "data": [
      {
        "text": "В четверг",
        "meta": "@Day_of_week",
        "alias": "Day_of_week",
        "userDefined": true
      }
    ],
    "isTemplate": false,
    "count": 0,
    "lang": "ru",
    "updated": 0
  },
  {
    "id": "922a34c7-1705-40b1-8a1f-171930ad1f94",
    "data": [
      {
        "text": "В пятницу",
        "meta": "@Day_of_week",
        "alias": "Day_of_week",
        "userDefined": true
      }
    ],
    "isTemplate": false,
    "count": 0,
    "lang": "ru",
    "updated": 0
  }
]