[
  {
    "id": "cc176a88-350a-4e8a-abd9-564e34c815f1",
    "data": [
      {
        "text": "Благодарю",
        "meta": "@sys.last-name",
        "alias": "last-name",
        "userDefined": false
      },
      {
        "text": " за помощь",
        "userDefined": false
      }
    ],
    "isTemplate": false,
    "count": 0,
    "lang": "ru",
    "updated": 0
  },
  {
    "id": "5ae07d38-5bb8-4015-9ebd-c61064516626",
    "data": [
      {
        "text": "До свидания",
        "meta": "@sys.music-artist",
        "alias": "music-artist",
        "userDefined": false
      }
    ],
    "isTemplate": false,
    "count": 0,
    "lang": "ru",
    "updated": 0
  },
  {
    "id": "a3c8001f-9e01-4326-9d08-aead129b777a",
    "data": [
      {
        "text": "Спасибо за совет",
        "userDefined": false
      }
    ],
    "isTemplate": false,
    "count": 0,
    "lang": "ru",
    "updated": 0
  },
  {
    "id": "263a5c3e-7011-4d06-968e-58be4606bade",
    "data": [
      {
        "text": "Спасибо, что помогла",
        "userDefined": false
      }
    ],
    "isTemplate": false,
    "count": 0,
    "lang": "ru",
    "updated": 0
  },
  {
    "id": "02979fb1-0fce-4a58-a428-900fb9c02c32",
    "data": [
      {
        "text": "Спасибо за помощь",
        "userDefined": false
      }
    ],
    "isTemplate": false,
    "count": 0,
    "lang": "ru",
    "updated": 0
  }
]