[
  {
    "id": "8bb9a21f-5377-43f7-b99d-6d28d9951a82",
    "data": [
      {
        "text": "Думаю собраться с ",
        "userDefined": false
      },
      {
        "text": "семьей",
        "meta": "@Person",
        "alias": "person",
        "userDefined": false
      },
      {
        "text": " ",
        "userDefined": false
      },
      {
        "text": "на матч",
        "meta": "@Event",
        "alias": "event",
        "userDefined": false
      },
      {
        "text": " ",
        "userDefined": false
      },
      {
        "text": "в среду",
        "meta": "@Day_of_week",
        "alias": "day_of_week",
        "userDefined": false
      },
      {
        "text": " ",
        "userDefined": false
      },
      {
        "text": "вечером",
        "meta": "@Time",
        "alias": "time",
        "userDefined": false
      },
      {
        "text": ", что скажешь насчет этого?",
        "userDefined": false
      }
    ],
    "isTemplate": false,
    "count": 0,
    "lang": "ru",
    "updated": 0
  },
  {
    "id": "5281e6e2-494a-42d3-a5d4-ac6be75469f2",
    "data": [
      {
        "text": "Будет ли возможность собраться ",
        "userDefined": false
      },
      {
        "text": "с коллегами",
        "meta": "@Person",
        "alias": "person",
        "userDefined": false
      },
      {
        "text": " ",
        "userDefined": false
      },
      {
        "text": "попить пиво",
        "meta": "@Event",
        "alias": "event",
        "userDefined": false
      },
      {
        "text": " ",
        "userDefined": false
      },
      {
        "text": "в пятницу",
        "meta": "@Day_of_week",
        "alias": "day_of_week",
        "userDefined": false
      },
      {
        "text": " ",
        "userDefined": false
      },
      {
        "text": "вечером",
        "meta": "@Time",
        "alias": "time",
        "userDefined": false
      }
    ],
    "isTemplate": false,
    "count": 0,
    "lang": "ru",
    "updated": 0
  },
  {
    "id": "ca55543f-3a64-42eb-a950-c707f4608ea3",
    "data": [
      {
        "text": "Сможем ли мы ",
        "userDefined": false
      },
      {
        "text": "с друзьями",
        "meta": "@Person",
        "alias": "person",
        "userDefined": true
      },
      {
        "text": " собраться ",
        "userDefined": false
      },
      {
        "text": "в кино",
        "meta": "@Event",
        "alias": "event",
        "userDefined": true
      },
      {
        "text": " ",
        "userDefined": false
      },
      {
        "text": "в это воскресенье",
        "meta": "@Day_of_week",
        "alias": "day_of_week",
        "userDefined": true
      },
      {
        "text": " ",
        "userDefined": false
      },
      {
        "text": "утром",
        "meta": "@Time",
        "alias": "time",
        "userDefined": true
      }
    ],
    "isTemplate": false,
    "count": 0,
    "lang": "ru",
    "updated": 0
  },
  {
    "id": "e0def3c8-0051-4bc6-99ad-45fbb914abdf",
    "data": [
      {
        "text": "Сможем ли мы ",
        "userDefined": false
      },
      {
        "text": "с друзьями",
        "meta": "@Person",
        "alias": "person",
        "userDefined": true
      },
      {
        "text": " собраться в ",
        "userDefined": false
      },
      {
        "text": "кино",
        "meta": "@Event",
        "alias": "event",
        "userDefined": false
      },
      {
        "text": " ",
        "userDefined": false
      },
      {
        "text": "в эту пятницу",
        "meta": "@Day_of_week",
        "alias": "day_of_week",
        "userDefined": false
      },
      {
        "text": " ",
        "userDefined": false
      },
      {
        "text": "вечером",
        "meta": "@Time",
        "alias": "time",
        "userDefined": true
      }
    ],
    "isTemplate": false,
    "count": 0,
    "lang": "ru",
    "updated": 0
  },
  {
    "id": "1b8e2e3d-dd92-4308-a030-3f77be6ed50a",
    "data": [
      {
        "text": "Смогу ли я пойти ",
        "userDefined": false
      },
      {
        "text": "на матч",
        "meta": "@Event",
        "alias": "event",
        "userDefined": false
      },
      {
        "text": " ",
        "userDefined": false
      },
      {
        "text": "с друзьями",
        "meta": "@Person",
        "alias": "person",
        "userDefined": true
      },
      {
        "text": " ",
        "userDefined": false
      },
      {
        "text": "в эту пятницу",
        "meta": "@Day_of_week",
        "alias": "day_of_week",
        "userDefined": false
      },
      {
        "text": " ",
        "userDefined": false
      },
      {
        "text": "днем",
        "meta": "@Time",
        "alias": "time",
        "userDefined": true
      }
    ],
    "isTemplate": false,
    "count": 0,
    "lang": "ru",
    "updated": 0
  }
]